1200000,Nate's New World Kolsch,Faction Brewing,K�lsch,(3.68), 4.8% ABV , 37 IBU , 102 Ratings , Added 08/14/15 ,/FactionBrewing
1200001,Dark Matter Black IPA,Bugnutty Brewing Company,IPA - Black / Cascadian Dark Ale,(3.78), 6.5% ABV , 67 IBU , 488 Ratings , Added 07/23/16 ,/BugnuttyBrew
1200002,Pucker Punch,Golden Coast Mead,Mead - Other,(3.98), 12% ABV , No IBU , 84 Ratings , Added 08/14/15 ,/goldencoastmead
1200003,Brainstorm Ipa,TailGate Brewery,IPA - American,(3.66), No ABV , No IBU , 69 Ratings , Added 08/14/15 ,/tailgatebeer
1200004,Spike,Rhinegeist Brewery,Witbier,(3.52), 4.5% ABV , 15 IBU ," 3,250 Ratings ", Added 06/27/13 ,/Rhinegeist
1200006,Bitchin' Bacon Stout,Wasserhund Brewing Company,Stout - American,(3.65), 8.4% ABV , 32 IBU , 970 Ratings , Added 08/14/15 ,/WasserhundBrewingCompany
1200007,Matador Borracho,Kannah Creek Brewing Company,Scottish Ale,(4.02), 6% ABV , No IBU , 16 Ratings , Added 08/14/15 ,/KannahCreekBrewingCompany
1200008,Pale Ale True Hoboken,902 Brewing,Pale Ale - American,(3.45), 5.3% ABV , 30 IBU ," 1,966 Ratings ", Added 05/06/15 ,/902Brewing
1200009,Dandy In The Underworld Oyster Stout,The Dandy Brewing Company,Stout - Oyster,(3.75), 5% ABV , No IBU ," 1,952 Ratings ", Added 09/20/14 ,/DandyAlesyyc
1200010,Captain Stout,Alpine Beer Company,Stout - Other,(3.64), 6% ABV , No IBU ," 13,344 Ratings ", Added 10/07/10 ,/AlpineBeerCo
1200011,Triple Threat IPA,Due South Brewing Co.,IPA - Triple,(3.94), 8.9% ABV , No IBU , 185 Ratings , Added 08/14/15 ,/DueSouthBrewing
1200012,Mosh Pit,Acoustic Ales Brewing Experiment,Red Ale - American Amber / Red,(3.51), 6.66% ABV , No IBU ," 1,575 Ratings ", Added 11/24/12 ,/AAles
1200013,Jolly Roger,Dockyard Brewing Company,IPA - Black / Cascadian Dark Ale,(3.61), 7.8% ABV , No IBU , 67 Ratings , Added 07/02/15 ,/w/dockyard-brewing-company/10725
1200016,Detroit Common Ale,Detroit Beer Company,California Common,(3.41), No ABV , No IBU , 142 Ratings , Added 08/14/15 ,/DetroitBeerCompany
1200018,Forge Double Ipa,Forge Brewhouse,IPA - Imperial / Double,(3.47), 7.9% ABV , No IBU , 33 Ratings , Added 08/14/15 ,/ForgeBrewHouse
1200020,GoneAway,Half Acre Beer Company,IPA - American,(3.95), 7% ABV , 60 IBU ," 53,680 Ratings ", Added 11/12/13 ,/halfacrebeerco
1200023,Black Lager,The Old Bakery Beer Company,Lager - Dark,(3.84), 4.7% ABV , No IBU , 14 Ratings , Added 08/14/15 ,/OldBakeryBeer
1200024,Logger Lager Pilsner,Big Timber Brewing Company,Pilsner - German,(3.51), 5.4% ABV , 35 IBU , 591 Ratings , Added 08/14/15 ,/BigTimberBrewing
1200026,Get Bent Mountain IPA (Barrel Aged),Parkway Brewing Company,IPA - American,(3.79), 7.2% ABV , No IBU , 513 Ratings , Added 07/16/15 ,/ParkwayBrewingCompany
1200028,Farmhouse Saison,Eastern Shore Brewing Co.,Saison / Farmhouse Ale,(3.44), 5.2% ABV , 22 IBU , 265 Ratings , Added 07/15/15 ,/EasternShoreBrewing
1200029,Trifecta,Garden Grove Brewing and Urban Winery,Blonde Ale - Belgian Blonde / Golden,(3.72), 6.7% ABV , 27 IBU , 168 Ratings , Added 08/14/15 ,/GardenGroveBrewingCompany
1200030,Berryana,Kokopelli,"Homebrew, Fruit Beer",(3.4), 5.1% ABV , No IBU , 21 Ratings , Added 08/14/15 ,/w/kokopelli/196024
1200031,19-33 Pilsner,SingleCut Beersmiths,Pilsner - German,(3.45), 5.4% ABV , 45 IBU ," 6,293 Ratings ", Added 09/27/12 ,/SingleCutBeersmiths
1200032,Arlington Amber Ale,Back Bay Brewing Company,Red Ale - American Amber / Red,(3.59), 5% ABV , No IBU , 99 Ratings , Added 10/06/13 ,/BackBayBrewingCo
1200033,Gold Rush,Enki Brewing Company,Other,(3.37), No ABV , No IBU , 26 Ratings , Added 08/14/15 ,/EnkiBrewingCompany
1200034,Kolibri K�lsch,Levante Brewing Company,K�lsch,(3.6), 4.8% ABV , 25 IBU , 803 Ratings , Added 08/08/15 ,/LevanteBrewing
1200035,Layback,Pale Ale,Pale Ale - Australian,(3.67), 4.5% ABV , No IBU ," 1,068 Ratings ", Added 09/10/14 ,/ModusOperandiBrewingCo
1200037,C Legs IPA,Boxing Bear Brewing Company,IPA - American,(3.91), 7.1% ABV , 80 IBU , 42 Ratings , Added 08/14/15 ,/BoxingBear
1200038,Grapefruit Sculpin,Ballast Point Brewing Company,IPA - American,(3.99), 7% ABV , 70 IBU ," 284,076 Ratings ", Added 12/27/12 ,/BallastPoint
1200039,Keith Howard's Smoked Maibock,Cigar City Brewing,Smoked Beer,(3.64), 7.2% ABV , 35 IBU , 483 Ratings , Added 08/14/15 ,/CigarCityBrewing
1200041,Kombucha,Rising Silo Farm Brewery,Kombucha,(3.55), 0.5% ABV , No IBU , 28 Ratings , Added 08/14/15 ,/RisingSiloFarmBrewery
1200042,Keith Howard's Smoked Maibock,Cigar City Brewing,Smoked Beer,(3.64), 7.2% ABV , 35 IBU , 483 Ratings , Added 08/14/15 ,/CigarCityBrewing
1200043,Dre Hopped Malt Liquor,Jagged Mountain Craft Brewery,Malt Liquor ,(3.02), 7% ABV , No IBU , 12 Ratings , Added 08/14/15 ,/JaggedMountain
1200044,Loose Cannon,Heavy Seas Beer,IPA - American,(3.72), 7.25% ABV , 45 IBU ," 126,328 Ratings ", Added 12/28/10 ,/heavyseasbeer
1200045,Fire-n-smoke Red Lager,Anheuser-Busch,Lager - American Amber / Red,(3.17), No ABV , No IBU , 39 Ratings , Added 08/14/15 ,/AnheuserBusch
1200049,Bitter 42,Three Notch'd Brewing Company,English Bitter,(3.46), 4.2% ABV , 42 IBU , 817 Ratings , Added 12/03/13 ,/ThreeNotchdBrewing
1200051,American IPA,Cevada Pura,IPA - American,(3.75), 7% ABV , 70 IBU ," 3,037 Ratings ", Added 03/07/15 ,/CevadaPura
1200052,Vielle (July 2015),Crooked Stave Artisan Beer Project,Saison / Farmhouse Ale,(3.68), 4.2% ABV , No IBU , 38 Ratings , Added 08/14/15 ,/CrookedStave
1200053,Ryan's Root Beer,Forge Brewhouse,Root Beer,(4.34), No ABV , No IBU , 36 Ratings , Added 08/14/15 ,/ForgeBrewHouse
1200054,Cranberry Lavender,Happy Leaf Kombucha,Kombucha,(3.96), No ABV , 30 IBU , 217 Ratings , Added 08/14/15 ,/HappyLeafKombucha
1200056,SternBr�u IPA,Prost Bier,IPA - English,(3.05), 6.5% ABV , 38 IBU , 226 Ratings , Added 04/11/14 ,/w/prost-bier/25278
1200057,Barrel Aged 10-Speed Hoppy Wheat,Bloomington Brewing Company,Pale Wheat Ale - American,(3.92), 5.2% ABV , 27 IBU , 64 Ratings , Added 08/14/15 ,/bloomingtonbrew
1200058,You're Such A Dort,Figueroa Mountain Brewing Co.,Lager - Dortmunder / Export,(3.52), 5.4% ABV , 25 IBU , 335 Ratings , Added 08/14/15 ,/figmtnbrew
1200059,Cream Pale,On The Tracks Brewery,Cream Ale,(2.86), 5% ABV , 30 IBU , 26 Ratings , Added 08/14/15 ,/ottbrew
1200060,Zest-Fu,Funk Brewing,IPA - American,(3.61), 6.9% ABV , No IBU , 51 Ratings , Added 01/03/15 ,/FunkBrewingCompany
1200061,Isle of MaGourdo,Due South Brewing Co.,Pumpkin / Yam Beer,(3.56), 5.5% ABV , 18 IBU ," 2,430 Ratings ", Added 10/12/12 ,/DueSouthBrewing
1200062,Blonde,North Blyth,Blonde Ale,(3.39), 4% ABV , No IBU , 33 Ratings , Added 10/25/15 ,/NorthBlyth
1200063,Yokel,New Glarus Brewing Company,Kellerbier / Zwickelbier,(3.57), 4.2% ABV , No IBU ," 9,673 Ratings ", Added 12/24/10 ,/NewGlarusBrewingCompany
1200064,HHG APA,Central Waters Brewing Company,Pale Ale - American,(3.83), 5.4% ABV , 48 IBU ," 14,814 Ratings ", Added 03/11/15 ,/CentralWatersBrewingCompany
1200065,Peach Optimo,Sudwerk Brewing Co.,Sour - Ale,(3.92), 6.6% ABV , No IBU , 204 Ratings , Added 05/16/15 ,/SudwerkBrewingCo
1200066,Leo X,The Black Abbey Brewing Company,IPA - White,(3.8), 5.6% ABV , No IBU , 10 Ratings , Added 08/14/15 ,/blackabbeybrewing
1200069,Grapefruit Nectar,RAR Brewing,IPA - American,(3.95), 7.4% ABV , No IBU ," 3,364 Ratings ", Added 06/20/15 ,/RealerevivalBrewing
1200070,Primordial Soup (DFPF 2.0),Garagiste Meadery,Mead - Melomel,(4.14), 13% ABV , No IBU , 54 Ratings , Added 08/14/15 ,/GaragisteMeadery
1200073,Root Beer Stout,On The Tracks Brewery,Stout - Other,(3.22), 5% ABV , 40 IBU , 73 Ratings , Added 08/14/15 ,/ottbrew
1200074,Vanilla Java Porter,Atwater Brewery,Porter - English,(3.83), 5% ABV , 13 IBU ," 83,772 Ratings ", Added 08/21/10 ,/AtwaterBrewery
1200075,Raspberry Belgian Tripel,Small Batch Beer Company,Belgian Tripel,(3.87), 8.6% ABV , 25 IBU , 85 Ratings , Added 08/14/15 ,/SmallBatchBeerCo
1200076,Kentucky Pumpkin Barrel Ale,Alltech Lexington Brewing & Distilling Co.,Pumpkin / Yam Beer,(3.74), 10% ABV , No IBU ," 30,313 Ratings ", Added 08/30/13 ,/LexingtonBrewingandDistillingCo
1200078,Apricot Blonde,Cocoa Beach Brewing Company,Fruit Beer,(3.72), No ABV , No IBU , 36 Ratings , Added 08/14/15 ,/CocoaBeachBrewingCompany
1200081,Eclipse,Pappy Masterpiece (2014),Stout - American Imperial / Double,(4.54), 12.8% ABV , 80 IBU , 609 Ratings , Added 12/03/14 ,/fiftyfiftybrewing
1200082,Artemisa,Abysmo,Pale Ale - English,(3.04), 5.3% ABV , No IBU , 13 Ratings , Added 08/14/15 ,/w/abysmo/128187
1200083,Val's Tears of Love,Boggy Draw Brewery,Pale Ale - American,(3.55), 5.8% ABV , No IBU , 80 Ratings , Added 08/23/15 ,/BoggyDraw
1200084,Summer Daze,Mad Anthony Brewing Company,Pale Wheat Ale - American,(3.51), 5.5% ABV , 12 IBU ," 1,847 Ratings ", Added 06/14/11 ,/MadAnthonyBrewingCompany
1200086,Pecan Pie Stout,Dark Sky Brewing Company,Stout - Other,(3.89), 9.2% ABV , 31 IBU , 72 Ratings , Added 08/06/15 ,/DarkSkyBrewing
1200087,Grizzly Peak,Jagged Edge,Porter - Other,(3.64), 7% ABV , 25 IBU , 32 Ratings , Added 08/14/15 ,/w/jagged-edge/220459
1200088,Brett Revenuers Red Barrel,Catawba Brewing Co.,Sour - Ale,(4.03), 7% ABV , 23 IBU , 23 Ratings , Added 08/14/15 ,/catawbavalleybc
1200090,Raspberry Tripel,I & I Brewing,Belgian Tripel,(3.82), 8.6% ABV , No IBU , 40 Ratings , Added 08/14/15 ,/iandibrewing
1200091,Karl's Hefeweizen,Rio Bravo Brewing Company,Hefeweizen,(3.15), No ABV , No IBU , 121 Ratings , Added 08/14/15 ,/w/rio-bravo-brewing-company/220385
1200094,Oakfisk,Ordnance Brewing,Stout - Imperial / Double,(3.75), 9.1% ABV , 58 IBU , 13 Ratings , Added 07/04/15 ,/OrdnanceBrewing
1200095,Lapsang Souchong Stout,Tuatara Brewery,Stout - Other,(3.76), 7.5% ABV , No IBU , 109 Ratings , Added 08/20/14 ,/tuatara
1200097,Deminimus Amarillo,Penrose Brewing Company,Sour - Ale,(3.79), 3.5% ABV , No IBU , 120 Ratings , Added 08/14/15 ,/PenroseBrewingCompany
1200099,Allen House IPA,Spice Trade Brewing Company,IPA - American,(3.82), 6.9% ABV , 66 IBU , 24 Ratings , Added 08/14/15 ,/spicetradebrewing
1200100,Saison,Fair Winds Brewing Company,Saison / Farmhouse Ale,(3.48), 4.5% ABV , No IBU , 131 Ratings , Added 08/14/15 ,/FairWindsBrewingCompany
1200101,Revenge India Pale Ale,Quinta do Malte,IPA - American,(3.54), 7.5% ABV , 60 IBU ," 3,539 Ratings ", Added 08/19/15 ,/QuintadoMalte
1200102,Deminimus Roux,Penrose Brewing Company,Sour - Ale,(3.61), 4% ABV , No IBU , 816 Ratings , Added 08/14/15 ,/PenroseBrewingCompany
1200103,Pro-Am Barrel Aged Imperial Stout With Maple,Dry Dock Brewing Company,Stout - Imperial / Double,(3.92), 8.6% ABV , 47 IBU , 55 Ratings , Added 08/14/15 ,/DryDockBrewing
1200105,Rexx,Clown Shoes,Red Ale - Imperial / Double,(3.94), 12% ABV , No IBU ," 9,452 Ratings ", Added 05/27/15 ,/ClownShoes
1200109,Shiner Haymaker,Spoetzl Brewery,Pale Ale - American,(3.3), 4.5% ABV , No IBU ," 9,222 Ratings ", Added 09/25/14 ,/SpoetzlBrewery
1200111,The Forty Four,The Black Abbey Brewing Company,Porter - Other,(3.82), 4.8% ABV , 25 IBU ," 6,695 Ratings ", Added 12/10/11 ,/blackabbeybrewing
1200112,Pilsen (Costa Rica),Cerveceria Costa Rica (Florida Bebidas),Lager - Pale,(2.91), 5.1% ABV , No IBU ," 5,628 Ratings ", Added 01/02/11 ,/w/cerveceria-costa-rica-florida-bebidas/2336
1200113,Maurice Cream Ale,Boggy Draw Brewery,Cream Ale,(3.75), 7.8% ABV , No IBU , 41 Ratings , Added 08/14/15 ,/BoggyDraw
1200114,Banana Hammock Hefeweizen,Mad Beach Craft Brewing Company,Hefeweizen,(3.52), 5% ABV , 10 IBU , 269 Ratings , Added 08/14/15 ,/MadBeachCraftBrewingCompany
1200116,She Said,Drake's Brewing Company,IPA - English,(3.83), 6.6% ABV , No IBU , 166 Ratings , Added 08/14/15 ,/drakesbrewing
1200118,Le Terroir (Lips of Faith) (2015),New Belgium Brewing Company,American Wild Ale,(4.14), 7.5% ABV , No IBU ," 8,702 Ratings ", Added 06/06/15 ,/NewBelgium
1200119,Wicked Grin,Ratio Beerworks,Saison / Farmhouse Ale,(3.72), 5.5% ABV , No IBU , 222 Ratings , Added 08/14/15 ,/RatioBeerworks
1200122,Blackbeary Ale,Dead Bear Brewing Co.,Fruit Beer,(3.21), 5.5% ABV , No IBU , 14 Ratings , Added 08/14/15 ,/w/dead-bear-brewing-co/166833
1200123,Take Forever Ale,Test IPA,IPA - American,(3.88), No ABV , No IBU , 135 Ratings , Added 08/14/15 ,/breweryommegang
1200124,Major Dude IPA,Montavilla Brew Works,IPA - American,(3.37), 7.6% ABV , 67 IBU , 88 Ratings , Added 08/14/15 ,/MontavillaBrewWorks
1200126,New Mexico Chile Pale Ale,Rubicon Brewing Company,Pale Ale - American,(3.33), 5.4% ABV , 25 IBU , 18 Ratings , Added 08/14/15 ,/RubiconBrewingCo
1200127,Broken Bale,Harvest Moon Brewing Company (Montana),Brown Ale - English,(3.65), No ABV , No IBU , 427 Ratings , Added 09/04/15 ,/w/harvest-moon-brewing-company-montana/9165
1200128,The Forty Four,The Black Abbey Brewing Company,Porter - Other,(3.82), 4.8% ABV , 25 IBU ," 6,695 Ratings ", Added 12/10/11 ,/blackabbeybrewing
1200131,The Forty Four,The Black Abbey Brewing Company,Porter - Other,(3.82), 4.8% ABV , 25 IBU ," 6,695 Ratings ", Added 12/10/11 ,/blackabbeybrewing
1200133,Rye'd N' Wood,The Collective Brewing Project,Porter - Other,(3.99), 5.7% ABV , 30 IBU , 46 Ratings , Added 08/15/15 ,/TheCollectiveBrewingProject
1200137,Saison Physalis,Gram Bier,Saison / Farmhouse Ale,(3.37), 5.6% ABV , 26 IBU , 280 Ratings , Added 08/15/15 ,/GramBier
1200138,Worker's Comp Saison (W/ Passionfruit),Two Roads Brewing Company,Saison / Farmhouse Ale,(3.67), No ABV , No IBU , 142 Ratings , Added 08/15/15 ,/TwoRoadsBrewing
1200139,Tennessee Blonde,Fanatic Brewing Company,Blonde Ale,(3.44), 5% ABV , No IBU ," 1,994 Ratings ", Added 10/25/14 ,/FanaticBrewingCompany
1200140,One Buffalo,Southern Tier Brewing Company,Blonde Ale,(3.36), 4.8% ABV , 20 IBU ," 10,110 Ratings ", Added 08/15/15 ,/southerntierbrewing
1200142,Apricot Hyppie Girl Blonde,Witch's Hat Brewing Co.,Blonde Ale,(3.6), 4.5% ABV , No IBU , 143 Ratings , Added 08/15/15 ,/WitchsHatBrewingCo
1200144,Pekko IPA,Rare Bird Brewpub,IPA - American,(3.69), 6.3% ABV , 75 IBU , 115 Ratings , Added 08/15/15 ,/RareBirdBrewpub
1200145,Ayla's Berlinerweisse,Barren Hill Tavern & Brewery,Sour - Berliner Weisse,(3.36), No ABV , No IBU , 128 Ratings , Added 08/15/15 ,/BarrenHillTavernBrewery
1200146,A Canny Wee Lass,Capitol City Brewing Company,Scottish Ale,(3.54), 5.1% ABV , 18 IBU , 297 Ratings , Added 06/22/13 ,/CapitolCityBrewingCompany
1200147,Summit Pale,The Livery,Pale Ale - American,(3.76), 5.1% ABV , 60 IBU , 211 Ratings , Added 10/19/14 ,/liverybrew
1200150,Beer Goggles Session CDA,Deschutes Brewery,IPA - Black / Cascadian Dark Ale,(3.64), 5% ABV , 90 IBU , 167 Ratings , Added 08/15/15 ,/DeschutesBrewery
1200154,New Phenix Lager,Motor Row Brewing,Lager - Helles,(3.48), 5% ABV , No IBU , 768 Ratings , Added 08/15/15 ,/MotorRowBrewing
1200157,Franz,Rhinegeist Brewery,M�rzen,(3.6), 5.4% ABV , 20 IBU ," 13,821 Ratings ", Added 09/15/13 ,/Rhinegeist
1200160,Outerweiss Hefeweizen,Outer Light Brewing Company,Hefeweizen,(3.7), 5.1% ABV , 7 IBU , 897 Ratings , Added 05/30/15 ,/OLBC
1200161,Leffe Vieille Cuv�e,Abbaye de Leffe,Belgian Strong Dark Ale,(3.68), 8.2% ABV , 20 IBU ," 6,632 Ratings ", Added 10/01/10 ,/w/abbaye-de-leffe/5
1200162,Czech Pilsner,Deep Draft Brewing Co,Pilsner - Czech,(3.26), 4.7% ABV , No IBU , 146 Ratings , Added 08/15/15 ,/DeepDraftBrewingCo
1200163,Noble Stout,Indianola Ales,"Homebrew, Stout - Russian Imperial",(4.01), 10.2% ABV , 68 IBU , 18 Ratings , Added 08/15/15 ,/IndianolaAles
1200164,Holy Water(melon),Reverend Nat's Hard Cider,Cider - Other,(3.7), 4.3% ABV , No IBU , 380 Ratings , Added 07/28/14 ,/revnatscider
1200165,Black Fly Ipa,Blueline Brewery,"Homebrew, IPA - Black / Cascadian Dark Ale",(3.52), No ABV , No IBU , 12 Ratings , Added 08/15/15 ,/BluelineBrewery
1200170,Chocolate Hazelnut,Tradesman Brewing Company,Brown Ale - American,(3.87), 6.2% ABV , 23 IBU , 39 Ratings , Added 08/15/15 ,/TradesmanBrewingCompany
1200171,Black Saison,New Planet,Saison / Farmhouse Ale,(3.22), 5.1% ABV , 28 IBU , 15 Ratings , Added 08/15/15 ,/w/new-planet/7719
1200172,Wet Hopped American Summer,Amplified Ale Works,IPA - American,(3.46), 4.2% ABV , No IBU , 86 Ratings , Added 08/15/15 ,/Amplified_Ale_Works
1200174,Pale Ale,Norris English Pub,Pale Ale - English,(3.79), No ABV , No IBU , 49 Ratings , Added 08/15/15 ,/NorrisEnglishPub
1200175,Horicon Session IPA,Central Waters Brewing Company,IPA - Session / India Session Ale,(3.47), 4.5% ABV , 30 IBU ," 12,955 Ratings ", Added 07/15/15 ,/CentralWatersBrewingCompany
1200177,Doble Roja,Valiant Brewing Company,Red Ale - American Amber / Red,(3.66), 6.8% ABV , No IBU , 152 Ratings , Added 08/15/15 ,/ValiantBrewingCompany
1200178,Grandpa Tractor With Lime And Ginger,Barley Forge Brewing Co.,Lager - Dortmunder / Export,(3.55), 5% ABV , No IBU , 16 Ratings , Added 08/15/15 ,/barleyforge
1200179,Boiling Pot,Bell's Brewery,Pale Ale - American,(3.55), 4.3% ABV , No IBU ," 4,180 Ratings ", Added 03/07/15 ,/bellsbrewery
1200180,Heyyyyy Joe,Southerleigh Brewing Co.,IPA - American,(3.57), 6.4% ABV , No IBU , 253 Ratings , Added 08/15/15 ,/SoutherleighBrewing
1200181,Kenyan Sunrise Summer Coffee Pale Ale,The Church Brew Works,Pale Ale - American,(3.45), 5.2% ABV , No IBU , 967 Ratings , Added 08/15/15 ,/churchbrewworks
1200183,French Pale Ale (R&D; Brew),Jailbreak Brewing Company,Pale Ale - Belgian,(3.6), 6.6% ABV , No IBU , 15 Ratings , Added 08/15/15 ,/JailbreakBrewingCompany
1200184,Sant�-19!,Brasserie Fant�me,Saison / Farmhouse Ale,(3.92), 8% ABV , No IBU , 204 Ratings , Added 08/15/15 ,/w/brasserie-fantome/3241
1200185,Gone KoCo,Big Lick Brewing Company,Porter - Other,(3.84), 7% ABV , 37 IBU , 251 Ratings , Added 09/13/14 ,/biglick
1200186,Bill's Heiferweizen,Loose Shoe Brewing Company,Hefeweizen,(3.48), 4.8% ABV , 12 IBU , 47 Ratings , Added 08/15/15 ,/w/loose-shoe-brewing-company/196634
1200189,Capivara Little IPA,Cerveja Blumenau,IPA - American,(3.91), 6.6% ABV , 65 IBU ," 2,626 Ratings ", Added 08/15/15 ,/CervejaBlumenau
1200190,Quantum Belgian Pale Ale,Ecliptic Brewing,Pale Ale - Belgian,(3.58), 5.5% ABV , No IBU , 187 Ratings , Added 08/15/15 ,/EclipticBrewing
1200191,IPA,Resolution Brewing Company,IPA - American,(3.58), 6.8% ABV , 48 IBU , 12 Ratings , Added 08/15/15 ,/ResolutionBrewingCompany
1200193,Skully Barrel No. 29,Paradox Beer Company (Colorado),Sour - Ale,(4.05), 7.6% ABV , 17 IBU ," 2,251 Ratings ", Added 08/15/15 ,/thedox
1200195,He Said,Drake's Brewing Company,IPA - Imperial / Double,(3.77), 7.7% ABV , No IBU , 213 Ratings , Added 08/15/15 ,/drakesbrewing
1200197,Spearman First Class,Stickmen Brewing Company,Red Ale - Imperial / Double,(3.82), 7.7% ABV , 84 IBU , 43 Ratings , Added 08/15/15 ,/StickmenBeer
1200199,Gose,Lunacy Brewing Company,Sour - Gose,(3.52), 4.1% ABV , 10 IBU , 132 Ratings , Added 08/15/15 ,/LunacyBrewingCo
1200202,Singularity,Karl Strauss Brewing Company,IPA - Black / Cascadian Dark Ale,(3.78), 8% ABV , 55 IBU , 577 Ratings , Added 08/10/15 ,/karlstrauss
1200203,Monk's Caf� Flemish Sour Ale,Brouwerij Van Steenberge,Sour - Flanders Oud Bruin,(3.84), 5.5% ABV , No IBU ," 81,139 Ratings ", Added 01/06/11 ,/BrouwerijVanSteenberge
1200204,Gods Among Us,Abysmo,IPA - American,(3.33), No ABV , No IBU , 16 Ratings , Added 08/15/15 ,/w/abysmo/128187
1200205,Coccinelle Pomme-fraise,Cidrerie Milton,Cider - Other,(3.67), No ABV , No IBU , 15 Ratings , Added 08/15/15 ,/w/cidrerie-milton/27302
1200206,Lava Hound,Splash Brew Company,Hefeweizen,(2.89), 5.4% ABV , 20 IBU , 20 Ratings , Added 08/15/15 ,/w/splash-brew-company/21874
1200209,Sour Red,StoneyHead Brewing Company,Sour - Ale,(3.61), 5.8% ABV , 38 IBU , 27 Ratings , Added 08/15/15 ,/StoneyHeadBrewingCo
1200210,Flameout,John Harvard's Brew House,Lager - Pale,(3.71), 5.2% ABV , 30 IBU , 42 Ratings , Added 08/15/15 ,/johnharvards
1200211,Dry Hopped Pilsnah,Hallertau Brewery,Pilsner - Other,(3.52), 5.4% ABV , 20 IBU , 140 Ratings , Added 08/15/15 ,/hallertau
1200213,Double D,Dominion Brewing Co.,IPA - Imperial / Double,(3.67), 8% ABV , 90 IBU ," 30,685 Ratings ", Added 03/25/11 ,/DominionBrewing
1200215,Ip� Amarelo American Lager,Cerveja Blumenau,Lager - American Light,(3.71), 5% ABV , 30 IBU ," 1,204 Ratings ", Added 08/15/15 ,/CervejaBlumenau
1200216,Pale-Ish Paleale,Primal Brewery,Pale Ale - American,(3.46), 5.2% ABV , 39 IBU , 39 Ratings , Added 08/15/15 ,/Primal_Brewery
1200218,Hefe Depew,Great Divide Brewing Company,Hefeweizen,(3.71), 4.7% ABV , No IBU , 117 Ratings , Added 08/06/15 ,/greatdivide
1200219,Hop Roar,"Carolina Brewing Company (Holly Springs, NC)",IPA - American,(3.75), 7.5% ABV , 82 IBU ," 4,590 Ratings ", Added 04/09/15 ,/CarolinaBrewingCompany
1200223,Raccoon Lodge Light Lager,Raccoon Lodge,Lager - American Light,(2.98), No ABV , No IBU , 22 Ratings , Added 06/18/14 ,/w/raccoon-lodge/137802
1200225,Rosemary Gose,Three Palms Brewing,Sour - Gose,(3.82), 4% ABV , No IBU , 23 Ratings , Added 08/15/15 ,/TPB
1200228,Red Trolley with Sea Salt and Carmel,Karl Strauss Brewing Company,Red Ale - American Amber / Red,(3.67), 5.8% ABV , 17 IBU , 61 Ratings , Added 08/15/15 ,/karlstrauss
1200230,Meyer Lemon,Odell Brewing Co.,Blonde Ale,(3.52), 5.2% ABV , No IBU ," 1,593 Ratings ", Added 07/23/15 ,/OdellBrewing
1200231,Amber Ale,Rio Bravo Brewing Company,Red Ale - American Amber / Red,(3.36), 5.7% ABV , 53 IBU , 240 Ratings , Added 08/15/15 ,/w/rio-bravo-brewing-company/220385
1200232,Cave Dweller Pale Ale,Stumptown Ales,Pale Ale - American,(3.85), 5.9% ABV , No IBU , 407 Ratings , Added 11/21/15 ,/StumptownAles
1200234,King Balaton,Alter Brewing Company,Fruit Beer,(3.54), 5.1% ABV , 10 IBU ," 1,793 Ratings ", Added 03/24/16 ,/AlterBrewing_Company
1200236,Call Me In the Morning,Three Palms Brewing,Sour - Gose,(3.72), 4% ABV , No IBU , 85 Ratings , Added 07/22/15 ,/TPB
1200237,Amber Ale,Rio Bravo Brewing Company,Red Ale - American Amber / Red,(3.36), 5.7% ABV , 53 IBU , 240 Ratings , Added 08/15/15 ,/w/rio-bravo-brewing-company/220385
1200238,John Durgin Ale,Harpoon Brewery,Pale Ale - American,(3.57), No ABV , No IBU , 859 Ratings , Added 12/28/10 ,/harpoonbrewery
1200239,Rye PA,Coal Creek TAP,Rye Beer,(3.79), No ABV , No IBU , 21 Ratings , Added 08/15/15 ,/CoalCreekTAP
1200240,Tanilla,Knee Deep Brewing Company,Porter - American,(3.76), 6.3% ABV , 30 IBU ," 12,969 Ratings ", Added 02/26/11 ,/kneedeepbrewing
1200242,Easy ESB Prichard's Double BBL,Tennessee Brew Works,Extra Special / Strong Bitter,(3.76), 6% ABV , No IBU , 211 Ratings , Added 01/29/15 ,/TNBrewWorks
1200243,Haystack Butte Golden Ale,Highlander Beer,Golden Ale,(3.59), 5.6% ABV , 24 IBU , 58 Ratings , Added 08/15/15 ,/HighlanderMan
1200244,Straffe Hendrik Brugs Tripel Bier Wild (2014),Brouwerij De Halve Maan,Belgian Tripel,(3.73), 9% ABV , No IBU ," 6,264 Ratings ", Added 04/26/14 ,/w/brouwerij-de-halve-maan/430
1200245,Bruiser Black & Blueberry Porter,Grist Iron Brewing Company,Porter - Other,(3.67), 5.5% ABV , 28 IBU , 241 Ratings , Added 08/15/15 ,/GristIronBrewingCompany
1200246,Fly By Night Porter,McMenamins,Porter - Other,(3.8), 5.68% ABV , 38 IBU , 66 Ratings , Added 08/15/15 ,/McMenamins
1200247,Barrel Aged Cranberry Sour,River Horse Brewing Co.,Sour - Ale,(3.65), No ABV , No IBU , 70 Ratings , Added 08/15/15 ,/riverhorse
1200248,Houblon Api-Hop Cidre,Cidrerie Milton,Cider - Other,(3.46), 7% ABV , No IBU , 851 Ratings , Added 04/02/14 ,/w/cidrerie-milton/27302
1200249,Blonde De Qu�bec,Ferme Brasserie Schoune,Pale Ale - Belgian,(3.12), 4.5% ABV , No IBU , 21 Ratings , Added 08/15/15 ,/FermeBrasserieSchoune
1200253,Windmill Wheat,Little Chute Brewing Company,Witbier,(3.75), No ABV , No IBU , 52 Ratings , Added 08/15/15 ,/LittleChuteBrewingCompany
1200255,Bernie's Barrelman Ale,Jacob Leinenkugel Brewing Company,Red Ale - American Amber / Red,(3.44), No ABV , No IBU ," 2,061 Ratings ", Added 05/22/13 ,/Leinenkugels
1200260,Rock City,Schubros Brewery,Red Ale - American Amber / Red,(3.44), 5.7% ABV , No IBU , 106 Ratings , Added 01/23/15 ,/Schubros_Brewery
1200261,Wood Aged Sour Peach,New Belgium Brewing Company,American Wild Ale,(4.02), 9% ABV , No IBU , 35 Ratings , Added 08/15/15 ,/NewBelgium
1200262,Amber Ale,Tap Room No. 21 Brewing,Red Ale - American Amber / Red,(3.28), 5.5% ABV , No IBU ," 8,811 Ratings ", Added 01/31/11 ,/w/tap-room-no-21-brewing/202187
1200263,Tahoe Beer,The Brewer's Cabinet,Blonde Ale,(3.37), 5.5% ABV , No IBU , 934 Ratings , Added 07/15/13 ,/TheBrewersCabinet
1200264,Lefty Lucy,Stumptown Ales,Red Ale - American Amber / Red,(3.65), 5.9% ABV , No IBU , 497 Ratings , Added 08/15/15 ,/StumptownAles
1200266,Pilot Mission,Grand Rapids Brewing Company,IPA - Session / India Session Ale,(3.45), 4.4% ABV , 51 IBU , 135 Ratings , Added 08/15/15 ,/GrandRapidsBrewingCo
1200268,Spazz Mild,Draught House Pub and Brewery,English Mild Ale,(3.58), 4% ABV , No IBU , 61 Ratings , Added 08/15/15 ,/w/draught-house-pub-and-brewery/7718
1200269,Theobroma,Dogfish Head Craft Brewery,Spiced / Herbed Beer,(3.76), 9% ABV , No IBU ," 26,690 Ratings ", Added 08/21/10 ,/dogfishbeer
1200273,Holy Citra Double IPA,Stumptown Ales,IPA - Imperial / Double,(4.04), 8.2% ABV , No IBU , 727 Ratings , Added 12/29/15 ,/StumptownAles
1200274,La Wallonia,Ferme Brasserie Schoune,Other,(2.9), No ABV , No IBU , 38 Ratings , Added 08/15/15 ,/FermeBrasserieSchoune
1200276,Horicon Session IPA,Central Waters Brewing Company,IPA - Session / India Session Ale,(3.47), 4.5% ABV , 30 IBU ," 12,955 Ratings ", Added 07/15/15 ,/CentralWatersBrewingCompany
1200277,Blue Nectar,Atwater Brewery,Lager - Vienna,(3.52), 6% ABV , 25 IBU , 69 Ratings , Added 08/15/15 ,/AtwaterBrewery
1200281,Weisse / Hefe Weisse Naturtr�b,Hacker-Pschorr,Hefeweizen,(3.69), 5.5% ABV , No IBU ," 67,983 Ratings ", Added 10/02/10 ,/HackerPschorrBrau
1200282,My 2 Cents,Loomis Basin Brewing Company,Pale Ale - American,(3.85), 5.7% ABV , 35 IBU , 18 Ratings , Added 08/15/15 ,/LoomisBasinBrewingCompany
1200285,Tramp Stamp,Clown Shoes,IPA - Belgian,(3.59), 7% ABV , 80 IBU ," 38,048 Ratings ", Added 01/31/11 ,/ClownShoes
1200286,Handcuffed In the Back Seat Wheat And Peach,Angry Chair Brewing,Witbier,(3.05), No ABV , No IBU , 10 Ratings , Added 08/15/15 ,/AngryChairBrewing
1200287,English Pale Ale,Yellowhammer Brewing,Pale Ale - English,(3.55), 4.5% ABV , No IBU , 84 Ratings , Added 08/15/15 ,/yellowhammer
1200291,Tall Ship,Garrison Brewing Company,Pale Ale - English,(3.44), 5% ABV , 14 IBU ," 3,831 Ratings ", Added 02/12/11 ,/GarrisonBrewingCompany
1200294,Shut Up Wesley Wheat With Vanilla,Intergalactic Brewing Company,Pale Wheat Ale - American,(3.76), 5.2% ABV , 18 IBU , 40 Ratings , Added 08/15/15 ,/IntergalacticBrewingCompany
1200295,Apocalypse IPA,10 Barrel Brewing Co.,IPA - American,(3.75), 6.8% ABV , 70 IBU ," 73,844 Ratings ", Added 12/04/10 ,/10BarrelBrewing
1200297,Farmhouse Collection Rye ESB,Long Trail Brewing Company,Extra Special / Strong Bitter,(3.52), 5.2% ABV , 38 IBU ," 2,021 Ratings ", Added 06/30/15 ,/longtrail
1200298,Shake Chocolate Porter,Boulder Beer Company,Porter - American,(4), 5.9% ABV , 39 IBU ," 141,811 Ratings ", Added 10/03/13 ,/BoulderBeerCompany
1200304,Boo Koo,Mother Earth Brewing Company,IPA - American,(3.82), 6.5% ABV , 58 IBU ," 28,425 Ratings ", Added 02/10/14 ,/MotherEarthBrewCo
1200305,Car Ramrod�,Meadowlark Brewing,Pilsner - Imperial / Double,(3.5), 7.7% ABV , 65 IBU , 143 Ratings , Added 08/15/15 ,/MeadowlarkBrewing
1200306,California Common,Ascension Brewing Company,California Common,(3.54), 6.4% ABV , 44 IBU , 45 Ratings , Added 08/15/15 ,/AscensionBrewingCompany
1200307,Toaster Pastry,21st Amendment Brewery,IPA - Red,(3.75), 7.6% ABV , 74 IBU ," 44,153 Ratings ", Added 08/15/15 ,/21stamendmentbrewery
1200308,Awesome Sauce,Tighthead Brewing Company,Brown Ale - American,(3.91), 9.5% ABV , 85 IBU , 444 Ratings , Added 04/09/15 ,/TightheadBrewingCompany
1200310,Chocolate Cherry Uncommon Stout,Bent River Brewing Company,Stout - American,(3.65), 5.5% ABV , 28 IBU , 36 Ratings , Added 02/14/16 ,/BentRiverBrewing
1200311,Counter Strike W/Mango,Iron Fist Brewing Co.,IPA - American,(3.4), 6.5% ABV , No IBU , 12 Ratings , Added 08/15/15 ,/IronFistBrewingCo
1200312,RAE Amber Saison,Three Palms Brewing,Saison / Farmhouse Ale,(3.51), 5% ABV , No IBU , 40 Ratings , Added 05/24/15 ,/TPB
1200313,Rebel Alliance,2kids Brewing Company,Stout - American Imperial / Double,(3.76), 10% ABV , 51 IBU , 283 Ratings , Added 05/16/14 ,/2KidsBrewing
1200315,Drop It Like It's Hop,Rock Bottom Restaurant & Brewery,Lager - IPL (India Pale Lager),(3.52), 4.9% ABV , 45 IBU , 33 Ratings , Added 08/15/15 ,/RockBottom
1200316,Czech Pilsner Kellerbier,Gordon Biersch Brewery Restaurant,Kellerbier / Zwickelbier,(3.4), 5.6% ABV , 38 IBU , 732 Ratings , Added 08/02/12 ,/GordonBierschBreweryRestaurant
1200317,Berzerker,Elevator Brewing Company,IPA - Belgian,(3.27), 6.3% ABV , No IBU , 11 Ratings , Added 08/15/15 ,/ElevatorBrewingCompany
1200318,Crom,MC Cervejaria,"Homebrew, IPA - Imperial / Double",(3.27), 7.5% ABV , 70 IBU , 107 Ratings , Added 03/04/15 ,/w/mc-cervejaria/100683
1200319,Honey Brown,Dearborn Brewing,Brown Ale - American,(3.12), No ABV , No IBU , 66 Ratings , Added 08/15/15 ,/DearbornBrewing
1200320,Red Zep,Garage Project,Pilsner - Other,(3.59), 5% ABV , No IBU , 787 Ratings , Added 08/10/15 ,/garageproject
1200323,Berliner Weisse,Brothers Brewing Company,Sour - Berliner Weisse,(3.2), 4% ABV , 4 IBU , 46 Ratings , Added 08/15/15 ,/BrothersBrewingCompany
1200324,Easy Blonde,Stumptown Ales,Blonde Ale,(3.64), 4.2% ABV , No IBU , 236 Ratings , Added 08/15/15 ,/StumptownAles
1200325,Harmonic K�lsch,Harmonic Brewing,K�lsch,(3.6), 5.8% ABV , No IBU , 807 Ratings , Added 08/15/15 ,/HarmonicBrewing
1200326,Black Hohl Son,Coin Toss Brewing,IPA - Session / India Session Ale,(3.58), 4.8% ABV , 45 IBU , 134 Ratings , Added 08/15/15 ,/CoinTossBrewing
1200327,Verruckte Stadt German Pils,Great Dane Pub & Brewing Company,Pilsner - German,(3.37), 5.25% ABV , 15 IBU ," 2,422 Ratings ", Added 08/21/10 ,/GreatDanePub
1200330,Over The Tip Top Chaga Stout,Stumptown Ales,Stout - American,(4.03), 7.9% ABV , No IBU , 55 Ratings , Added 08/15/15 ,/StumptownAles
1200332,Barrel Aged Sour Saison,Flat Rock Brew Cafe,Saison / Farmhouse Ale,(4), 7.8% ABV , No IBU , 31 Ratings , Added 08/15/15 ,/FlatRockBrewCafe
1200333,Menage Brah,Flat Tail Brewing,Saison / Farmhouse Ale,(3.56), 11% ABV , No IBU , 166 Ratings , Added 08/15/15 ,/flattailbrewing
1200336,Cappuccino Stout (High West Rye Barrel),Lagunitas Brewing Company,Stout - American Imperial / Double,(4.15), 13.1% ABV , No IBU ," 4,322 Ratings ", Added 09/30/13 ,/LagunitasBrewingCo
1200339,Leavenworth Oktoberfest Ale,Fish Brewing Company,M�rzen,(3.47), 5.5% ABV , 25 IBU ," 2,339 Ratings ", Added 05/10/11 ,/FishBrewingCompany
1200340,Leavenworth Oktoberfest Ale,Fish Brewing Company,M�rzen,(3.47), 5.5% ABV , 25 IBU ," 2,339 Ratings ", Added 05/10/11 ,/FishBrewingCompany
1200341,Pink Lemonade,Crystal Lake Brewing,Fruit Beer,(3.54), 5% ABV , 15 IBU , 13 Ratings , Added 08/15/15 ,/CrystalLakeBrewery
1200343,Red Sky At Morning (2015),Heavy Seas Beer,Saison / Farmhouse Ale,(3.78), 10% ABV , 30 IBU , 363 Ratings , Added 08/15/15 ,/heavyseasbeer
1200344,Wild Turkey Alpha Factor,Postdoc Brewing Company,IPA - American,(3.72), 6.9% ABV , 64 IBU , 29 Ratings , Added 08/15/15 ,/PostdocBrewingCompany
1200346,Cows�re Framboise,� la F�t,Sour - Berliner Weisse,(3.86), 5.4% ABV , No IBU , 624 Ratings , Added 08/15/15 ,/MicrobrasserieALaFut
1200347,2015 Replicale,Tighthead Brewing Company,Saison / Farmhouse Ale,(3.71), 5.4% ABV , 25 IBU , 114 Ratings , Added 08/15/15 ,/TightheadBrewingCompany
1200350,Kablammm!!!,Geneseo Brewing Co,IPA - American,(3.86), 7.1% ABV , No IBU , 52 Ratings , Added 08/15/15 ,/w/geneseo-brewing-co/218936
1200352,Lemony Ducket Farmhouse Ale,Dodging Duck Brewhaus,Blonde Ale,(3.67), 4.5% ABV , No IBU , 16 Ratings , Added 08/15/15 ,/DodgingDuckBrewhaus
1200354,Scattered Sun Belgian Wit,Southbound Brewing Company,Witbier,(3.57), 5.2% ABV , 15 IBU ," 14,797 Ratings ", Added 07/23/12 ,/SouthboundBrewingCompany
1200357,Chocolate Hazelnut,Tradesman Brewing Company,Brown Ale - American,(3.87), 6.2% ABV , 23 IBU , 39 Ratings , Added 08/15/15 ,/TradesmanBrewingCompany
1200359,Highside Hoppy Wheat,Columbus House Brewery,Pale Wheat Ale - American,(3.5), 6% ABV , No IBU , 66 Ratings , Added 07/16/16 ,/ColumbusHouseBrewery
1200360,Perry Pear Cider,Bull Run Cider,Cider - Other,(3.33), No ABV , No IBU , 33 Ratings , Added 08/15/15 ,/BullRunCider
1200361,Flip Switch IPA,Tin Whiskers Brewing Company,IPA - American,(3.69), 6.2% ABV , 64 IBU ," 6,450 Ratings ", Added 05/15/14 ,/TinWhiskersBrewingCo
1200364,One Year Beer,3 Freaks Brewery,Sour - Ale,(3.43), 7.5% ABV , 19 IBU , 46 Ratings , Added 06/21/15 ,/ThreeFreaksBrewery
1200365,Imperial Pumpkin Smash (2015),Crown Valley Brewing,Pumpkin / Yam Beer,(4), 10.6% ABV , 48 IBU , 714 Ratings , Added 08/15/15 ,/CrownValleyBrewing
1200366,Honey K�lsch,Rogue Ales & Spirits,K�lsch,(3.6), 5% ABV , 26 IBU ," 31,459 Ratings ", Added 05/05/14 ,/rogueales
1200367,Lavender IPA,Flying Bike Cooperative Brewery,IPA - American,(3.6), 6.5% ABV , 80 IBU , 409 Ratings , Added 08/15/15 ,/FlyingBikeCoop
1200369,Dad's Oatmeal Stout,Geaghan Brothers Brewing Co.,Stout - Oatmeal,(3.87), 5.6% ABV , 30 IBU , 341 Ratings , Added 03/16/12 ,/GeaghanBrosBrewingCo
1200370,Wise Fool IPA,Backstreet Brewery,IPA - Imperial / Double,(3.38), 6.3% ABV , No IBU , 12 Ratings , Added 08/15/15 ,/backstreetbrewery
1200372,Lime Coconut Berlinerweiss,JDub's Brewing Co.,Sour - Berliner Weisse,(3.77), 3% ABV , No IBU , 11 Ratings , Added 08/15/15 ,/JDubsBrewingCo
1200374,Old Shonie,Boese Brothers Brewing,Scottish Export Ale,(3.55), 4.5% ABV , 25 IBU , 136 Ratings , Added 08/15/15 ,/BoeseBrothersBrewing
1200375,19th Anniversary Thunderstruck IPA with Mangos and Pink Peppercorns,Stone Brewing,IPA - Imperial / Double,(3.69), 8.7% ABV , 95 IBU , 64 Ratings , Added 08/15/15 ,/StoneBrewing
1200376,Strawberry Fields,Stowe Cider,Cider - Other,(3.56), 5.5% ABV , No IBU , 720 Ratings , Added 08/15/15 ,/StoweCider
1200380,Chocolate Mint Stout,Twisted Manzanita Ales,Stout - Other,(3.87), 8% ABV , No IBU , 19 Ratings , Added 08/15/15 ,/ManzanitaBrewingCo
1200382,Patriot Porter,Boese Brothers Brewing,Porter - American,(3.6), 6.5% ABV , 45 IBU , 208 Ratings , Added 08/15/15 ,/BoeseBrothersBrewing
1200383,Crushing Tide,Black Sands,Saison / Farmhouse Ale,(3.79), 6.5% ABV , No IBU , 17 Ratings , Added 08/15/15 ,/Black_Sands
1200384,Coffee Restraint,Institution Ale Company,Brown Ale - American,(4.01), 6% ABV , No IBU , 71 Ratings , Added 08/15/15 ,/InstitutionAleCompany
1200392,Redrum Red Rye,Geneseo Brewing Co,Rye Beer,(3.51), 6.2% ABV , No IBU , 41 Ratings , Added 08/15/15 ,/w/geneseo-brewing-co/218936
1200394,90 Minute IPA,Dogfish Head Craft Brewery,IPA - Imperial / Double,(4.08), 9% ABV , 90 IBU ," 293,061 Ratings ", Added 11/08/10 ,/dogfishbeer
1200396,Mustache Rye'd,The Collective Brewing Project,Porter - American,(3.7), 5.7% ABV , 30 IBU ," 1,751 Ratings ", Added 04/13/14 ,/TheCollectiveBrewingProject
1200397,"IPA With Candied Ginger, Coriander, Lavender, Grains of Paradise, And Saffron",Stone Brewing,IPA - American,(3.48), 6.9% ABV , No IBU , 41 Ratings , Added 08/15/15 ,/StoneBrewing
1200399,Vinosynth Red (2015),Upland Brewing Company,Sour - Ale,(4.13), No ABV , No IBU , 208 Ratings , Added 08/15/15 ,/uplandbrewco
1200400,Cream Stout,St. Peter�s Brewery Co.,Stout - Milk / Sweet,(3.63), 6.5% ABV , 31 IBU ," 32,135 Ratings ", Added 08/21/10 ,/StPetersBreweryCo
1200401,"Stone IPA with Mojito Mint, Lime and Sugar Cane",Stone Brewing,IPA - American,(3.42), 6.9% ABV , No IBU , 52 Ratings , Added 08/15/15 ,/StoneBrewing
1200403,Hop Spectrum,Mt Tabor Brewing,IPA - Imperial / Double,(3.43), 8% ABV , 95 IBU , 74 Ratings , Added 08/15/15 ,/mttaborbrewing
1200404,Seven Heads,612Brew,Pilsner - Imperial / Double,(3.68), 7.9% ABV , 19 IBU , 178 Ratings , Added 08/15/15 ,/612_Brew
1200405,Livin's Easy Summer Lager,McMenamins,Lager - Pale,(2.87), 5.2% ABV , 36 IBU , 27 Ratings , Added 08/15/15 ,/McMenamins
1200407,"Go To IPA with Baobab Fruit, Rooibos Tea & Pineapple",Stone Brewing,IPA - Session / India Session Ale,(3.48), 4.5% ABV , No IBU , 30 Ratings , Added 08/15/15 ,/StoneBrewing
1200409,Blue Me,Black Hammer Brewing,Witbier,(3.64), 5.5% ABV , 13 IBU , 559 Ratings , Added 09/06/15 ,/BlackHammerBrewing
1200410,Classic Lager,Top Shelf Brewing Company,Lager - North American Adjunct,(3.03), 4.5% ABV , No IBU , 30 Ratings , Added 08/15/15 ,/TopShelfBrewingCompany
1200411,The Beer Future,Dark Sage Brewery,"Homebrew, IPA - Belgian",(4.19), 7.3% ABV , 47 IBU , 13 Ratings , Added 08/15/15 ,/w/dark-sage-brewery/220507
1200412,Nautilus,Pacific Brewing Laboratory,Saison / Farmhouse Ale,(3.59), 5.3% ABV , 18 IBU ," 1,340 Ratings ", Added 02/04/12 ,/PacBrewLab
1200413,"Stone IPA with Mojito Mint, Lime and Sugar Cane",Stone Brewing,IPA - American,(3.42), 6.9% ABV , No IBU , 52 Ratings , Added 08/15/15 ,/StoneBrewing
1200416,Gose,JoBoy's Brew Pub,Sour - Gose,(3.29), 4.5% ABV , 10 IBU , 228 Ratings , Added 08/15/15 ,/JoBoysBrewPub
1200418,Barrel Reserve�Aloha Pi�a,5 Stones Artisan Brewery,Golden Ale,(3.91), 9.6% ABV , No IBU , 333 Ratings , Added 08/15/15 ,/5StonesCraftBrewingCompany
1200422,Full Pint Smash,Last Name Brewing,Pale Ale - American,(3.47), 5% ABV , No IBU , 69 Ratings , Added 08/15/15 ,/LastNameBrewing
1200425,Snowdeer Yellow Draft,Xuelu Huangzha,Lager - American Light,(2.07), 2.5% ABV , 8 IBU , 17 Ratings , Added 08/15/15 ,/w/beijing-yanjing-brewery/2285
1200426,American Stout,Nitro,Stout - Other,(3.75), 7% ABV , 55 IBU , 86 Ratings , Added 08/15/15 ,/JoBoysBrewPub
1200432,Single Tank Series: Hoppy Pils,Four Peaks Brewing Company,Pilsner - Czech,(3.57), 5.5% ABV , 36 IBU , 229 Ratings , Added 08/05/15 ,/fourpeaksbrew
1200436,Hop Quito,Offbeat Brewing Company,English Bitter,(3.28), 5.4% ABV , No IBU , 19 Ratings , Added 08/15/15 ,/OffbeatBrewingCompany
1200437,Blueberry Ale,North Center Brewing Company,Pale Wheat Ale - American,(3.46), 6.3% ABV , No IBU , 23 Ratings , Added 08/15/15 ,/NorthCenterBrewingCompany
1200439,L'in�dite,Microbrasserie Saint-Arnould,Brown Ale - Imperial / Double,(3.34), 6.6% ABV , No IBU , 249 Ratings , Added 06/21/15 ,/w/microbrasserie-saintarnould/3578
1200444,Rye IPA,Dock Street Brewing Co.,IPA - Rye,(3.62), 6.8% ABV , 64 IBU ," 8,677 Ratings ", Added 11/25/10 ,/dockstreetbrewing
1200445,Whitewater,Great Divide Brewing Company,Pale Wheat Ale - American,(3.49), 6.1% ABV , No IBU ," 14,101 Ratings ", Added 07/11/12 ,/greatdivide
1200448,Stradivarius,Cerveza Fauna,Belgian Strong Dark Ale,(4.02), 9.5% ABV , No IBU , 192 Ratings , Added 08/15/15 ,/cervezafauna
1200449,The Whig's 10th Anniversary,Redhook Brewery,Dunkelweizen,(4.2), No ABV , No IBU , 11 Ratings , Added 08/15/15 ,/Redhook
1200454,Poison Ivy,Old Ivy Brewery & Taproom,IPA - Imperial / Double,(3.73), 9.3% ABV , 70 IBU , 144 Ratings , Added 08/15/15 ,/w/old-ivy-brewery-taproom/143356
1200455,Yamabuki Pilsner,Niseko Brewing Company,Pilsner - Other,(3.39), 4.5% ABV , No IBU , 45 Ratings , Added 08/15/15 ,/w/niseko-brewing-company/183554
1200457,Caliche,Middleton Brewing,Saison / Farmhouse Ale,(3.77), 6% ABV , No IBU , 78 Ratings , Added 08/15/15 ,/middleton
1200459,Mi Prenda Adorada,Cervecer�a Don Javier,Witbier,(2.37), No ABV , No IBU , 29 Ratings , Added 08/15/15 ,/CerveceraDonJavier
1200460,Takedown Irish Stout,Confluence Brewing Company,Stout - Irish Dry,(3.72), 4.8% ABV , 32 IBU ," 1,022 Ratings ", Added 03/12/13 ,/ConfluenceBrewingCompany
1200462,Go To IPA with Watermelon and Lemon Peel,Stone Brewing,IPA - Session / India Session Ale,(3.63), 4.5% ABV , No IBU , 34 Ratings , Added 08/15/15 ,/StoneBrewing
1200463,Alternate World,Kent Falls Brewing Co.,Sour - Gose,(3.96), 4.6% ABV , No IBU ," 3,551 Ratings ", Added 07/15/15 ,/KentFallsBrewing
1200464,Milk Dudz,Banger Brewing,Porter - Baltic,(3.69), 7.5% ABV , 31 IBU , 225 Ratings , Added 08/15/15 ,/BangerBrewing
1200465,Alba Summer Ale,Cerveceria Gracia,Pale Ale - English,(3.51), 4.5% ABV , 27 IBU , 164 Ratings , Added 08/15/15 ,/CerveceriaGracia
1200467,Slow Float IPA,McMenamins,IPA - American,(3.51), 6.32% ABV , 100 IBU , 128 Ratings , Added 07/15/16 ,/McMenamins
1200469,California Common,Grist Brewing Company,Other,(3.35), 5% ABV , No IBU , 20 Ratings , Added 08/15/15 ,/GristBrewingCompany
1200473,Eliza�,Fieldwork Brewing Company,Stout - Imperial / Double,(4.15), 10% ABV , No IBU ," 2,087 Ratings ", Added 04/24/15 ,/FieldworkBrewingCompany
1200474,Wet Hopped American Summer,Amplified Ale Works,IPA - American,(3.46), 4.2% ABV , No IBU , 86 Ratings , Added 08/15/15 ,/Amplified_Ale_Works
1200476,Juicy Melons,Block Brewing Company,Fruit Beer,(3.49), 4.8% ABV , No IBU , 133 Ratings , Added 08/16/15 ,/BlockBrewingCompany
1200477,American IPA,Manguezal,IPA - American,(3.67), 6.4% ABV , 63 IBU , 153 Ratings , Added 08/15/15 ,/Manguezal
1200480,Visionary Brew 2015 Imperial Smoked Lager,Rahr & Sons Brewing Company,Lager - Vienna,(3.59), 9.4% ABV , 23 IBU ," 1,082 Ratings ", Added 08/15/15 ,/rahrbrewing
1200483,Black,Bent Paddle Brewing Co.,Dark Ale,(3.86), 6% ABV , 35 IBU ," 11,438 Ratings ", Added 04/08/13 ,/bentpaddlebeer
1200484,Straight Outta Carmel,Flix Brewhouse,IPA - Black / Cascadian Dark Ale,(3.68), 6.8% ABV , 75 IBU , 67 Ratings , Added 08/15/15 ,/FlixBrewhouse
1200487,Hemp Wilderness White Ale,KettleHouse Brewing Company,Pale Ale - American,(3.65), 4.6% ABV , No IBU , 15 Ratings , Added 08/15/15 ,/KettlehouseBrewingCompany
1200488,Pale Pony,Laurelwood Brewing Co.,Pale Ale - American,(3.62), 5.2% ABV , 35 IBU , 280 Ratings , Added 07/28/15 ,/LaurelwoodBrewingCo
1200492,Monk-mosa,Victory Brewing Company,IPA - Triple,(3.62), 9.5% ABV , No IBU , 56 Ratings , Added 08/15/15 ,/victorybeer
1200493,Abbey Ale,Dominion Brewing Co.,Belgian Dubbel,(3.51), 7.5% ABV , No IBU ," 2,240 Ratings ", Added 02/27/14 ,/DominionBrewing
1200494,Joe's Lunchbox Banana Peanut Butter Ale,Granite Falls Brewing Company,Golden Ale,(3.73), No ABV , No IBU , 12 Ratings , Added 08/15/15 ,/GraniteFallsBrewingCompany
1200495,Bourbon Street Maple Pecan,Abita Brewing Company,Brown Ale - American,(3.67), 8.5% ABV , 18 IBU ," 11,892 Ratings ", Added 08/05/15 ,/abita
1200496,Tanline Brown w/ Molasses,SunUp Brewing Co.,Brown Ale - American,(3.74), 4.7% ABV , 17 IBU , 25 Ratings , Added 08/15/15 ,/sunupbrews
1200497,Wine Berry Saison,Two Brothers Brewing Company,Saison / Farmhouse Ale,(3.46), 5% ABV , 25 IBU , 84 Ratings , Added 08/05/15 ,/TwoBrothersBrewing
1200498,Abe's Wet Welly,Abe Erb Brewing,Cream Ale,(3.32), 3.5% ABV , 15 IBU , 52 Ratings , Added 08/15/15 ,/abe_erb_brewing
1200501,Old Rasputin,North Coast Brewing Company,Stout - Russian Imperial,(4.02), 9% ABV , 75 IBU ," 205,814 Ratings ", Added 02/15/11 ,/w/north-coast-brewing-company/919
1200502,All-colorado Pale Ale,Our Mutual Friend Brewing Company,Pale Ale - American,(3.52), 6.5% ABV , No IBU , 133 Ratings , Added 11/06/14 ,/OMFMB
1200503,Dang Summer IPA,Our Mutual Friend Brewing Company,IPA - Session / India Session Ale,(3.65), 5.5% ABV , 70 IBU , 53 Ratings , Added 07/11/15 ,/OMFMB
1200504,Gemuetlichkeit Oktoberfest (2015),Tyranena Brewing,M�rzen,(3.64), 5.5% ABV , 22 IBU , 98 Ratings , Added 08/15/15 ,/tyranena
1200505,Sam's Banana Rye Kolsch Ale,The Brew On Broadway,K�lsch,(3.84), 4.9% ABV , 22 IBU , 11 Ratings , Added 08/15/15 ,/TheBrewOnBroadway
1200507,India Pale Ale,Our Mutual Friend Brewing Company,IPA - American,(3.37), 7.1% ABV , 72 IBU , 714 Ratings , Added 07/21/12 ,/OMFMB
1200511,Hopfentea With Tropical Blend,Perennial Artisan Ales,Sour - Berliner Weisse,(3.78), 4.2% ABV , No IBU , 82 Ratings , Added 08/15/15 ,/perennialartisanales
1200515,Cherry Gose,Our Mutual Friend Brewing Company,Sour - Gose,(3.78), 5.8% ABV , 6 IBU ," 1,186 Ratings ", Added 06/26/15 ,/OMFMB
1200516,Tomato Head's Silver Anniversary Ale,Saw Works Brewing,English Mild Ale,(3.89), 5% ABV , No IBU , 97 Ratings , Added 08/15/15 ,/sawworksbrewing
1200518,Dad's Smoking Brown Ale,Our Mutual Friend Brewing Company,Smoked Beer,(3.19), 6.4% ABV , No IBU , 42 Ratings , Added 08/13/15 ,/OMFMB
1200519,Blonde Annie Blonde Ale,Great Frontier Brewing Company,Gluten-Free,(3.21), 5.2% ABV , 20 IBU , 177 Ratings , Added 08/15/15 ,/w/great-frontier-brewing-company/220787
1200521,Wild Wind: Northern Brewer,Wanderlust Brewing Company,Saison / Farmhouse Ale,(3.72), 5% ABV , No IBU , 26 Ratings , Added 08/15/15 ,/wanderlustbrewing
1200525,Pumpkin Nectar,Redstone Meadery,Mead - Other,(3.46), 8% ABV , No IBU , 296 Ratings , Added 08/30/15 ,/RedstoneMeadery
1200526,Tucson Peach Ale,1912 Brewing Company,Fruit Beer,(3.63), 5% ABV , 26 IBU , 20 Ratings , Added 08/15/15 ,/1912BrewingCo
1200528,Space Turff,Jupiter Brewing Co.,Cream Ale,(3.52), 4.5% ABV , 18 IBU , 52 Ratings , Added 05/19/16 ,/jupiter
1200529,Willy's Irish Red Mustache,Great Frontier Brewing Company,Gluten-Free,(3.48), 5.5% ABV , 22 IBU , 235 Ratings , Added 08/15/15 ,/w/great-frontier-brewing-company/220787
1200532,Drone Wars,Blue Corn Cafe and Brewery,Mead - Braggot,(3.58), 7.6% ABV , 19 IBU , 39 Ratings , Added 08/15/15 ,/BlueCornBrewery
1200533,Solana Blonde,1912 Brewing Company,Blonde Ale - Belgian Blonde / Golden,(3.33), 6.5% ABV , 28 IBU , 25 Ratings , Added 08/15/15 ,/1912BrewingCo
1200536,1234 Broad Street,The Libertine Brewing Company,Bi�re de Garde,(3.88), 7.1% ABV , No IBU , 911 Ratings , Added 08/15/15 ,/LibertinePub
1200537,P�che / P�cheresse,Brouwerij Lindemans,Lambic - Fruit,(3.59), 2.5% ABV , 10 IBU ," 38,608 Ratings ", Added 08/21/10 ,/BreweryLindemans
1200538,120 Minute IPA,Dogfish Head Craft Brewery,IPA - Triple,(4.27), 18% ABV , 120 IBU ," 130,215 Ratings ", Added 08/21/10 ,/dogfishbeer
1200539,Barrel Fever,Wasatch Brewery,Doppelbock,(3.78), 9.5% ABV , No IBU , 104 Ratings , Added 03/24/15 ,/wasatchbrewery
1200540,Grand Cru (Seasonal),Sin City Brewing Co.,Blonde Ale - Belgian Blonde / Golden,(3.33), No ABV , No IBU , 13 Ratings , Added 08/15/15 ,/w/sin-city-brewing-co/6153
1200541,Big Bad Leroy Brown,Triple J Chophouse & Brew Co,Brown Ale - American,(3.44), 6.2% ABV , 92 IBU , 27 Ratings , Added 08/15/15 ,/w/triple-j-chophouse-brew-co/6375
1200542,Blood On the Blade,Backpocket Brewing,IPA - Red,(3.69), 6.5% ABV , 70 IBU ," 3,147 Ratings ", Added 11/08/14 ,/BackpocketBrewing
1200543,Gouden Foeder,The Libertine Brewing Company,Golden Ale,(3.65), 4.6% ABV , No IBU , 200 Ratings , Added 08/15/15 ,/LibertinePub
1200544,Canyon Road Red,Laguna Beach Beer Company,Red Ale - American Amber / Red,(3.47), 5.5% ABV , 22 IBU , 430 Ratings , Added 08/15/15 ,/LagunaBeachBeerCompany
1200545,Project Dank 08/11/15,La Cumbre Brewing Company,IPA - American,(4.46), No ABV , No IBU , 67 Ratings , Added 08/15/15 ,/LaCumbreBrewingCompany
1200549,Garden Party,Blue Nose Brewery,Lager - Pale,(3.42), 5.2% ABV , No IBU , 112 Ratings , Added 08/15/15 ,/BlueNoseAdmin
1200550,Wild Choke Cherry Mead,Hidden Legend Winery,Mead - Other,(3.68), 12.5% ABV , No IBU , 15 Ratings , Added 08/15/15 ,/w/hidden-legend-winery/20335
1200553,New Horizon,Seventh Son Brewing Company,Rye Beer,(3.71), 7.2% ABV , 30 IBU , 198 Ratings , Added 08/04/15 ,/SeventhSonBrewingCo
1200556,Utterback American Pale Ale,Ruhstaller,Pale Ale - American,(3.45), 7% ABV , No IBU , 11 Ratings , Added 08/15/15 ,/RuhstallerBeer
1200557,Wrath of Rocky,Tyranena Brewing,Brown Ale - Imperial / Double,(4.08), 7.5% ABV , 29 IBU ," 1,960 Ratings ", Added 05/07/15 ,/tyranena
1200558,Pentagram (2015),Surly Brewing Company,Sour - Ale,(4.05), 6.66% ABV , No IBU ," 9,857 Ratings ", Added 03/29/15 ,/SurlyBrewingCompany
1200560,Kriek Tisane,Unity Vibration,Kombucha,(3.75), 6% ABV , No IBU , 355 Ratings , Added 08/05/15 ,/UnityVibration
1200562,Double,Enegren Brewing Company,Belgian Dubbel,(3.74), 7.2% ABV , No IBU , 55 Ratings , Added 08/08/15 ,/EnegrenBrewing
1200563,Fix 1864 Spezial,The Lion Brewery,Lager - Euro,(2.93), 5.4% ABV , No IBU ," 1,113 Ratings ", Added 07/29/14 ,/TheLionBrewery
1200564,Peach-ish Pale Ale,Palisade Brewing Company,Pale Ale - American,(3.52), 6% ABV , 5 IBU , 12 Ratings , Added 08/15/15 ,/PalisadeBrewingCompany
1200565,Lionheart Original,Minneapolis Cider Company,Cider - Other,(3.6), 6% ABV , No IBU , 880 Ratings , Added 06/07/15 ,/LionheartCider
1200568,Longwood Seasons: Summer Zest,Victory Brewing Company,Saison / Farmhouse Ale,(3.69), 5.2% ABV , No IBU , 745 Ratings , Added 06/29/15 ,/victorybeer
1200569,Bishop's Tipple Trippel,Main Street Brewery (Lamppost Pizza) (California),Belgian Tripel,(3.81), 9.1% ABV , No IBU , 989 Ratings , Added 04/05/13 ,/w/main-street-brewery-lamppost-pizza-california/7337
1200575,"Go To IPA with Fresh Nectarines, Cardamon and Black Peppercorns",Stone Brewing,IPA - Session / India Session Ale,(3.65), 4.5% ABV , 65 IBU , 34 Ratings , Added 08/15/15 ,/StoneBrewing
1200576,Haddy,Reformation Brewery,Witbier,(3.59), 4.8% ABV , 16 IBU ," 3,373 Ratings ", Added 07/28/15 ,/ReformationBrewery
1200577,Violet Beauregarde,Escape Craft Brewery,Fruit Beer,(3.4), 5% ABV , 17 IBU , 167 Ratings , Added 08/15/15 ,/w/escape-craft-brewery/120551
1200579,Death From Above Chilli Redux,Garage Project,Other,(3.96), 7.5% ABV , No IBU , 21 Ratings , Added 08/15/15 ,/garageproject
1200580,Replicale 2015,Blue Nose Brewery,Saison / Farmhouse Ale,(3.54), 5.2% ABV , No IBU , 114 Ratings , Added 08/15/15 ,/BlueNoseAdmin
1200587,Ale to the Queen,LTD Brewing Co,Brown Ale - English,(3.59), 5.7% ABV , 24 IBU , 537 Ratings , Added 10/29/14 ,/LTDBrewingCo
1200589,ExQuadrilha da Fuma�a,Bamberg Bier,Bock,(3.87), 6.5% ABV , No IBU , 483 Ratings , Added 06/30/15 ,/w/bamberg-bier/5438
1200590,Jinja Juice,Woodfour Brewing Company,Sour - Ale,(3.7), 4.8% ABV , No IBU , 329 Ratings , Added 07/18/15 ,/WoodfourBrewingCompany
1200591,Blueprint Session IPA,Aslan Brewing Company,IPA - Session / India Session Ale,(3.7), 4.2% ABV , 42 IBU , 570 Ratings , Added 02/21/15 ,/AslanBrewingCompany
1200592,Black Is the New Orange,Lagabi�re,Stout - Other,(3.71), 6% ABV , No IBU , 483 Ratings , Added 08/18/15 ,/Lagabiere
1200595,GPA,Three Nations Brewing,Pale Ale - International,(3.65), 5.2% ABV , 32 IBU ," 7,488 Ratings ", Added 05/29/15 ,/3NationsBrewing
